Module,Feature Category,Feature Name,Sub Feature,Description,Primary Role,Secondary Roles,Navigation Path,Current Status,Completion Percentage,UI Available,Backend Available,API Connected,Database Ready,Offline Support,Push Notifications,Stub Present,Stub Details,TODO Present,Uses Dummy Data,Uses Mock API,Hidden Feature,Unused Code,Platform,Dependencies,Priority,Business Criticality,Recommended Action,Missing Capability,Suggested Enhancement,Industry Standard,Competitor Reference,Estimated Development Effort,Notes
Authentication,Auth,Login (Password),Email/mobile + password login,School admin & teacher credential login,School Admin,Teacher,Unauth → AdminAuth → AuthedFlow,✅ Complete,90,Yes,Yes,Yes,Yes,No,No,No,-,No,No,No,No,No,"All (KMP shared, Android, iOS, Web)","Ktor, JWT, Exposed",High,Critical,-,-,Standard auth,"PowerSchool, Infinite Campus",S,"Real JWT auth with refresh token, login throttle, password hashing (bcrypt)",
Authentication,Auth,Login (OTP),Mobile OTP login for parents,Parent enters mobile → OTP → JWT session,Parent,-,Unauth → ParentAuth → OTP → AuthedFlow,✅ Complete,90,Yes,Yes,Yes,Yes,No,No,No,-,No,No,No,No,No,"All (KMP shared, Android, iOS, Web)","Ktor, JWT, MSG91, Fast2SMS, Twilio, WhatsApp",High,Critical,-,-,OTP-based auth,"ClassDojo, Remind",S,"Multi-provider OTP delivery (MSG91, Fast2SMS, Twilio, WhatsApp, SMS, Email, Console)",
Authentication,Auth,OTP Delivery,Multi-channel OTP delivery,"Console, MSG91, Fast2SMS, Twilio, WhatsApp Cloud, SMTP email",School Admin,Parent,Server-side OTP service,✅ Complete,85,No,Yes,Yes,Yes,No,No,No,-,No,No,No,No,No,Server,"Ktor, Exposed, OTP providers",High,Critical,-,-,OTP delivery,"Remind, TalkingPoints",S,6 provider strategies with delivery dispatch + attempt tracking,
Authentication,Auth,Signup (Parent),Parent self-registration,Mobile OTP → name → password → JWT,Parent,-,Unauth → ParentAuth → Signup,✅ Complete,85,Yes,Yes,Yes,Yes,No,No,No,-,No,No,No,No,No,All,"Ktor, JWT",High,Critical,-,-,Parent signup,ClassDojo,S,,
Authentication,Auth,Register School,School registration with admin account,"School name, address, board, admin credentials → JWT",School Admin,-,Unauth → AdminAuth → RegisterSchool,✅ Complete,85,Yes,Yes,Yes,Yes,No,No,No,-,No,No,No,No,No,All,"Ktor, JWT, Exposed",High,Critical,-,-,School registration,PowerSchool,S,,
Authentication,Auth,Change Password,Authenticated password change,POST /auth/change-password with old + new password,School Admin,"Teacher, Parent",Profile → Change Password,✅ Complete,90,Yes,Yes,Yes,Yes,No,No,No,-,No,No,No,No,No,All,"Ktor, JWT",Medium,High,-,-,Password management,"PowerSchool, Infinite Campus",XS,,
Authentication,Auth,Teacher First Login,Mandatory password change on first login,Teacher must change password before reaching portal,Teacher,-,AuthedFlow → TeacherFirstLogin → Portal,✅ Complete,85,Yes,Yes,Yes,Yes,No,No,No,-,No,No,No,No,No,All,"Ktor, JWT",Medium,High,-,-,First-login gate,PowerSchool,XS,must_change_password flag from server,
Authentication,Auth,Token Refresh,JWT refresh token flow,POST /auth/refresh with refresh token → new JWT,School Admin,"Teacher, Parent",Automatic via TokenAuthenticator,✅ Complete,90,No,Yes,Yes,Yes,No,No,No,-,No,No,No,No,No,All,"Ktor, JWT",Medium,Critical,-,-,Token refresh,Standard,XS,TokenAuthenticator intercepts 401 and auto-refreshes,
Authentication,Auth,Logout,Session destruction,POST /auth/logout → clear local session + server session,School Admin,"Teacher, Parent",Profile → Logout,✅ Complete,95,Yes,Yes,Yes,Yes,No,No,No,-,No,No,No,No,No,All,"Ktor, JWT",Low,High,-,-,Logout,Standard,XS,,
Authentication,Auth,Biometric Login,Biometric authentication for app login,Fingerprint/Face unlock after first password login,Parent,"Teacher, School Admin",App launch → Biometric prompt,🟡 Partially Implemented,60,Yes,No,No,No,No,No,No,"Platform abstraction exists, Android impl done, no iOS impl yet",No,No,No,No,No,"Android, iOS (stub)",AndroidX Biometric,Medium,Medium,-,-,Biometric auth,"PowerSchool, ClassDojo",M,BiometricAuthenticator.kt common + .android.kt; no iOS implementation,
Authentication,Auth,Login Throttle,Rate limiting on login attempts,IP + account-based throttle with lockout,School Admin,"Teacher, Parent",Server-side middleware,✅ Complete,85,No,Yes,Yes,Yes,No,No,No,-,No,No,No,No,No,Server,Ktor,Medium,High,-,-,Brute-force protection,PowerSchool,XS,LoginThrottle.kt,
Onboarding,School Setup,School Onboarding Wizard,Multi-step school setup wizard,Basic info → academic year → classes → subjects → teachers → students → branding,School Admin,-,AuthedFlow → SchoolOnboarding → Portal,✅ Complete,85,Yes,Yes,Yes,Yes,No,No,No,-,No,No,No,No,No,All,"Ktor, Exposed",High,Critical,-,-,School onboarding,"PowerSchool, Infinite Campus",L,7-step wizard with draft persistence (OnboardingDraftsTable),
Onboarding,School Setup,Onboarding Status Check,Server-truth onboarding completion check,GET /api/v1/onboarding/status → derives from real persisted data,School Admin,-,AuthedFlow gate,✅ Complete,90,No,Yes,Yes,Yes,No,No,No,-,No,No,No,No,No,Server,"Ktor, Exposed",Medium,Critical,-,-,Onboarding gate,PowerSchool,S,OnboardingGateViewModel + OnboardingStatus,
Onboarding,School Setup,Onboarding Draft Persistence,Save/resume onboarding wizard,"Draft saved per step, resumable",School Admin,-,SchoolOnboarding wizard,✅ Complete,80,Yes,Yes,Yes,Yes,No,No,No,-,No,No,No,No,No,All,"Ktor, Exposed",Medium,High,-,-,Draft persistence,-,S,OnboardingDraftsTable,
Parent Portal,Navigation,Parent Portal Shell,5-tab parent shell,"Home, Academics, Fees, Conversations, Profile",Parent,-,AuthedFlow → ParentPortalV2,✅ Complete,90,Yes,No,No,No,No,No,No,-,No,No,No,No,No,All,Compose Multiplatform,High,Critical,-,-,Parent shell,"ClassDojo, Remind",M,,
Parent Portal,Home,Parent Home Dashboard,Child summary dashboard,"Attendance card, schedule card, announcements, quick links",Parent,-,Tab: home,✅ Complete,85,Yes,Yes,Yes,Yes,No,No,No,-,No,No,No,No,No,All,"ParentDashboardViewModel, ParentApi",High,Critical,-,-,Parent dashboard,"ClassDojo, PowerSchool",M,GET /api/v1/parent/dashboard,
Parent Portal,Home,Parent Unlinked Screen,Two-tab landing for unlinked parents,Link a child / Explore schools,Parent,-,ParentPortalV2 → ParentUnlinkedScreenV2,✅ Complete,85,Yes,No,No,No,No,No,No,-,No,No,No,No,No,All,-,Medium,High,-,-,Onboarding for parent,-,M,Shown when parent has no children linked,
Parent Portal,Academics,Attendance View,Child attendance calendar + summary,Monthly calendar with present/absent/late/leave,Parent,-,Tab: academics → Attendance,✅ Complete,85,Yes,Yes,Yes,Yes,No,No,No,-,No,No,No,No,No,All,"ParentAcademicsViewModel, ParentApi",High,High,-,-,Attendance tracking,"PowerSchool, Infinite Campus",M,GET /api/v1/parent/child/{id}/attendance,
Parent Portal,Academics,Marks View,Child exam marks / results,List of assessments with scores,Parent,-,Tab: academics → Marks,✅ Complete,85,Yes,Yes,Yes,Yes,No,No,No,-,No,No,No,No,No,All,"ParentAcademicsViewModel, ParentApi",High,High,-,-,Grade viewing,"PowerSchool, Infinite Campus",M,GET /api/v1/parent/child/{id}/marks,
Parent Portal,Academics,Syllabus View,Child syllabus coverage,Unit-level syllabus progress with covered/uncovered,Parent,-,Tab: academics → Syllabus,✅ Complete,80,Yes,Yes,Yes,Yes,No,No,No,-,No,No,No,No,No,All,"ParentAcademicsViewModel, ParentApi",Medium,Medium,-,-,Syllabus tracking,-,M,GET /api/v1/parent/child/{id}/syllabus,
Parent Portal,Academics,Timetable View,Child weekly timetable,Period-by-period schedule,Parent,-,Tab: academics → Timetable,✅ Complete,80,Yes,Yes,Yes,Yes,No,No,No,-,No,No,No,No,No,All,"ParentAcademicsViewModel, ParentApi",Medium,Medium,-,-,Timetable,PowerSchool,M,GET /api/v1/parent/child/{id}/timetable,
Parent Portal,Academics,AI Report Card,AI-generated term report card,"Narrative strengths, focus areas, study tips, holistic assessment, co-scholastic records",Parent,-,Tab: academics → Report,� ✅ Complete,80,Yes,Yes,Yes,Yes,No,No,No,"AI Report Card 2.0 agentic redesign implemented: ReportCardDraftsTable, HolisticAssessmentsTable, CoScholasticRecordsTable, ReportCardTemplatesTable, ReportFocusEffectivenessTable. AI gateway integration for narrative generation.",No,No,No,No,No,All,-,High,Medium,-,Integrate with marks + attendance + teacher notes,AI report card,"ClassDojo, emerging EdTech",L,"Backend + DB ready, AI gateway wired",
Parent Portal,Fees,Fee Records,Child fee records,"Fee list with status (paid/due/overdue), amounts, dates",Parent,-,Tab: fees,✅ Complete,85,Yes,Yes,Yes,Yes,No,No,No,-,No,No,No,No,No,All,"FeeViewModel, ParentApi",High,High,-,-,Fee management,"PowerSchool, Infinite Campus",M,GET /api/v1/parent/fees,
Parent Portal,Fees,Fee Payment,Online fee payment,Pay fees via gateway,Parent,-,Tab: fees → Pay,🔴 TODO,0,No,No,No,No,No,No,No,"No backend, no payment gateway integration",No,No,No,No,No,-,-,High,Critical,"Integrate Razorpay/Stripe, backend payment records, receipt generation",Online fee payment is industry standard,"PowerSchool, Infinite Campus, ClassDojo",L,FeeRecordsTable exists but no payment gateway,,
Parent Portal,Conversations,Parent Messaging,Two-way messaging with teachers/school,"Inbox threads, open conversation, reply, compose new",Parent,-,Tab: conversations,✅ Complete,85,Yes,Yes,Yes,Yes,No,No,No,-,No,No,No,No,No,All,"ParentMessageViewModel, ParentApi",High,High,-,-,Messaging,"ClassDojo, Remind, Bloomz",M,"GET /threads, GET /threads/{id}/messages, POST reply, GET /recipients, compose-new",
Parent Portal,Conversations,Parent Announcements,School-wide announcements feed,List of announcements with category filter + detail view,Parent,-,Tab: conversations → Announcements segment,✅ Complete,85,Yes,Yes,Yes,Yes,No,No,No,-,No,No,No,No,No,All,ParentAnnouncementViewModel,Medium,Medium,-,-,Announcements,"ClassDojo, PowerSchool",S,,
Parent Portal,Profile,Parent Profile,Parent profile screen,"Name, mobile, email, linked children, settings",Parent,-,Tab: profile,✅ Complete,85,Yes,Yes,Yes,Yes,No,No,No,-,No,No,No,No,No,All,ParentProfileViewModel,Medium,Medium,-,-,Profile,PowerSchool,S,,
Parent Portal,Profile,Parent Profile Card,Collectible profile card,Gamified profile card with child info,Parent,-,Tab: profile → Profile Card overlay,✅ Complete,80,Yes,No,No,No,No,No,No,-,No,No,No,No,No,All,-,Low,Low,-,-,Gamification,ClassDojo,M,ParentProfileCardScreenV2,
Parent Portal,Profile,Link Child,Link parent to school student,Search school → find by roll number → create link request,Parent,-,Profile → LinkChild overlay,✅ Complete,85,Yes,Yes,Yes,Yes,No,No,No,-,No,No,No,No,No,All,"LinkChildViewModel, ParentApi",High,Critical,-,-,Parent-child linking,PowerSchool,M,"GET /schools/search, POST /link-child, link request approval flow",
Parent Portal,Profile,Parent Leave Request,Apply for child leave,Submit leave request for child → routed to class teacher,Parent,-,Profile → Leave overlay,✅ Complete,80,Yes,Yes,Yes,Yes,No,No,No,-,No,No,No,No,No,All,"ParentLeaveViewModel, ParentApi",Medium,Medium,-,-,Leave requests,PowerSchool,S,POST /api/v1/parent/leave,
Parent Portal,Discovery,School Discovery,Browse/search schools marketplace,"Search by name/city/location, school profile cards, SRI score",Parent,-,ParentAuth → Discovery overlay,✅ Complete,80,Yes,Yes,Yes,No,No,No,No,-,No,No,No,No,No,All,"SchoolDiscoveryViewModel, KtorSchoolApi",Medium,Medium,-,-,School marketplace,-,M,GET /api/v1/parent/schools/discover with lat/lng/radius,
Parent Portal,Discovery,SRI Score Preview,School Reputation Index preview,"Navy score /10, YoY chip, weighted signals",Parent,-,Discovery → school detail → SRI,🟡 Partially Implemented,40,Yes,No,No,No,No,No,No,"VComingSoon — some fields Coming Soon (classes offered, teacher-student ratio)",No,No,No,No,No,All,-,Low,Low,-,-,School rating,"GreatSchools, ClassDojo",M,"SriPreview.kt — UI chrome only, no backend SRI calculation",
Parent Portal,Discovery,Admission Enquiry,Submit admission enquiry to school,"Name, class, message → school CRM",Parent,-,Discovery → school detail → Enquire,✅ Complete,75,Yes,Yes,Yes,Yes,No,No,No,-,No,No,No,No,No,All,-,Medium,Medium,-,-,Admission enquiry,-,S,POST /api/v1/admissions/enquiries,
Parent Portal,Discovery,Academic Calendar (Parent),View academic calendar,"School events, holidays, exam dates",Parent,-,Home → Calendar overlay,✅ Complete,80,Yes,Yes,Yes,Yes,No,No,No,-,No,No,No,No,No,All,-,Medium,Medium,-,-,Calendar,PowerSchool,S,AcademicCalendarScreenV2,
Parent Portal,Discovery,Scholarships,View available scholarships,List of scholarships + application,Parent,-,Profile → Scholarships overlay,✅ Complete,75,Yes,Yes,Yes,Yes,No,No,No,-,No,No,No,No,No,All,ScholarshipsViewModel,Medium,Low,-,-,Scholarships,-,S,GET /api/v1/parent/scholarships,
Parent Portal,Notifications,Push Notifications (Parent),FCM push notification reception,"Receive push for attendance, marks, announcements, fees",Parent,-,Background/foreground FCM,✅ Complete,75,Yes,Yes,Yes,Yes,No,No,No,-,No,No,No,No,No,Android,Firebase Cloud Messaging,High,High,-,-,Push notifications,"ClassDojo, Remind",M,VidyaPrayagFirebaseMessagingService + DeviceTokenRegistrar,
Parent Portal,Notifications,In-App Notifications,Notification inbox screen,List of in-app notifications with read/unread,Parent,-,Home → Notifications overlay,✅ Complete,80,Yes,Yes,Yes,Yes,No,No,No,-,No,No,No,No,No,All,NotificationsViewModel,Medium,Medium,-,-,Notification center,PowerSchool,S,NotificationsScreenV2,
Teacher Portal,Navigation,Teacher Portal Shell,4-tab teacher shell,"Home (Today), Update, Classes, Profile",Teacher,-,AuthedFlow → TeacherPortalV2,✅ Complete,90,Yes,No,No,No,No,No,No,-,No,No,No,No,No,All,Compose Multiplatform,High,Critical,-,-,Teacher shell,Google Classroom,M,,
Teacher Portal,Today,Teacher Today (Home),Resolved daily schedule,"Day/week view with periods, exceptions, holidays, now/next",Teacher,-,Tab: home,✅ Complete,85,Yes,Yes,Yes,Yes,No,No,No,-,No,No,No,No,No,All,"TeacherTodayViewModel, TeacherApi",High,Critical,-,-,Teacher dashboard,"Google Classroom, PowerSchool",M,"GET /api/v1/teacher/day, GET /api/v1/teacher/week",
Teacher Portal,Today,Teacher Check-In,Self check-in for attendance,Check-in pill on Today greeting band,Teacher,-,Tab: home → CheckIn popup,✅ Complete,80,Yes,Yes,Yes,Yes,No,No,No,-,No,No,No,No,No,All,TeacherCheckInViewModel,Medium,Medium,-,-,Teacher check-in,-,S,"POST /api/v1/teacher/checkin, GET /api/v1/teacher/checkin",
Teacher Portal,Today,Teacher Obligations,Outstanding tasks strip,"What-needs-me strip: unmarked attendance, pending homework",Teacher,-,Tab: home → obligations strip,✅ Complete,80,Yes,Yes,Yes,Yes,No,No,No,-,No,No,No,No,No,All,TeacherObligationsViewModel,Medium,High,-,-,Task queue,-,S,GET /api/v1/teacher/obligations,
Teacher Portal,Update,Attendance Marking,Scoped attendance marking,"Load roster, mark present/absent/late/leave, bulk mark all present, save",Teacher,-,Tab: update → Attendance tool,✅ Complete,85,Yes,Yes,Yes,Yes,No,No,No,-,No,No,No,No,No,All,"TeacherAttendanceViewModel, TeacherApi",High,Critical,-,-,Attendance marking,"PowerSchool, Infinite Campus",M,"GET/POST /api/v1/teacher/attendance, 4-state space, holiday/cancelled detection",
Teacher Portal,Update,Gradebook (Assessments),Assessment lifecycle management,"List/create assessments, load/save marks, publish/unpublish, history",Teacher,-,Tab: update → Gradebook tool,✅ Complete,85,Yes,Yes,Yes,Yes,No,No,No,-,No,No,No,No,No,All,"TeacherGradebookViewModel, TeacherApi",High,Critical,-,-,Gradebook,"PowerSchool, Google Classroom",M,"GET/POST /assessments, marks load/save, publish/unpublish, history",
Teacher Portal,Update,Syllabus Tracking,Syllabus unit management,"Hierarchical units, create/rename/reorder, one-tap covered toggle",Teacher,-,Tab: update → Syllabus tool,✅ Complete,80,Yes,Yes,Yes,Yes,No,No,No,-,No,No,No,No,No,All,"TeacherSyllabusViewModel, TeacherApi",Medium,Medium,-,-,Syllabus tracking,-,M,"POST /units, PATCH /units/{id}, PATCH /progress",
Teacher Portal,Update,Homework Management,Homework lifecycle,"Assign, view submissions board, extend, review/grade, close",Teacher,-,Tab: update → Homework tool,✅ Complete,80,Yes,Yes,Yes,Yes,No,No,No,-,No,No,No,No,No,All,"TeacherHomeworkViewModel, TeacherApi",High,High,-,-,Homework management,"Google Classroom, Canvas",M,"POST /homework, GET /{id}/submissions, POST /{id}/extend, PATCH /{id}/submissions/{studentId}, POST /{id}/close",
Teacher Portal,Classes,Class List,Teacher class list,Single-aggregated-query class list with real roster count,Teacher,-,Tab: classes,✅ Complete,85,Yes,Yes,Yes,Yes,No,No,No,-,No,No,No,No,No,All,"TeacherClassesViewModel, TeacherApi",High,High,-,-,Class list,Google Classroom,S,GET /api/v1/teacher/classes,
Teacher Portal,Classes,Class Detail,Class detail with roster,Composite class detail with real student roster,Teacher,-,Tab: classes → class detail,✅ Complete,80,Yes,Yes,Yes,Yes,No,No,No,-,No,No,No,No,No,All,TeacherClassesViewModel,Medium,Medium,-,-,Class detail,Google Classroom,S,GET /api/v1/teacher/classes/{assignmentId},
Teacher Portal,Classes,Student Profile (Scoped),Scoped student profile drill-down,"Attendance, performance, parent contact — 403 if teacher doesnt teach student",Teacher,-,Tab: classes → student detail,✅ Complete,80,Yes,Yes,Yes,Yes,No,No,No,-,No,No,No,No,No,All,"TeacherStudentProfileViewModel, TeacherApi",Medium,High,-,-,Student profile (scoped),PowerSchool,S,GET /api/v1/teacher/students/{studentId},
Teacher Portal,Profile,Teacher Profile,Teacher profile screen,"Profile info, subjects, classes, change password, theme",Teacher,-,Tab: profile,✅ Complete,80,Yes,Yes,Yes,Yes,No,No,No,-,No,No,No,No,No,All,"TeacherProfileViewModel, TeacherProfileActionsViewModel",Medium,Medium,-,-,Teacher profile,Google Classroom,S,GET /api/v1/teacher/profile,
Teacher Portal,Profile,Teacher Self-Leave,Teacher own leave application,Apply for own leave → routed to school admins + list own status,Teacher,-,Profile → Leave,✅ Complete,80,Yes,Yes,Yes,Yes,No,No,No,-,No,No,No,No,No,All,TeacherLeaveViewModel,Medium,Medium,-,-,Staff leave,PowerSchool,S,POST/GET /api/v1/teacher/leave,
Teacher Portal,Messaging,Teacher Messaging,Two-way messaging with parents,"Inbox threads, open conversation, class broadcast",Teacher,-,Profile → Messages,✅ Complete,80,Yes,Yes,Yes,Yes,No,No,No,-,No,No,No,No,No,All,-,High,High,-,-,Messaging,"ClassDojo, Remind",M,"GET /threads, GET /threads/{id}/messages, POST /class (broadcast)",
Teacher Portal,Notifications,Push Notifications (Teacher),FCM push notification reception,"Receive push for leave approvals, messages, announcements",Teacher,-,Background/foreground FCM,✅ Complete,75,Yes,Yes,Yes,Yes,No,No,No,-,No,No,No,No,No,Android,Firebase Cloud Messaging,High,High,-,-,Push notifications,ClassDojo,M,,
Teacher Portal,Notifications,In-App Notifications (Teacher),Notification inbox,List of in-app notifications,Teacher,-,Home → Notifications overlay,✅ Complete,80,Yes,Yes,Yes,Yes,No,No,No,-,No,No,No,No,No,All,-,Medium,Medium,-,-,Notification center,-,S,,
School Admin,Navigation,School Portal Shell,5-tab admin shell,"Home, People, Records, Comms, Settings",School Admin,-,AuthedFlow → SchoolPortalV2,✅ Complete,90,Yes,No,No,No,No,No,No,-,No,No,No,No,No,All,Compose Multiplatform,High,Critical,-,-,Admin shell,PowerSchool,M,,
School Admin,Home,Admin Dashboard,Analytics-driven command center,"Smart insights, school pulse gauge, KPI grid, campus health, fee collection, parent engagement, events, teacher spotlight, birthdays, live activity",School Admin,-,Tab: home,✅ Complete,85,Yes,Yes,Yes,Yes,No,No,No,-,No,No,No,No,No,All,SchoolDashboardViewModel,High,Critical,-,-,Admin dashboard,"PowerSchool, Infinite Campus",L,"GET /api/admin/dashboard/overview, GET /api/admin/dashboard/summary, GET /api/admin/dashboard/analytics",
School Admin,Home,School Intelligence,AI-driven school intelligence,"Insights, risk monitoring, at-risk student detection",School Admin,-,Home → Intelligence,✅ Complete,75,Yes,Yes,Yes,Yes,No,No,No,-,No,No,No,No,No,All,-,High,High,-,-,AI insights,Emerging EdTech trend,M,GET /api/v1/school/dashboard/intelligence,
School Admin,People,Student Roster,Student roster management,"List, search, add, edit, soft-delete students",School Admin,-,Tab: people → Students,✅ Complete,85,Yes,Yes,Yes,Yes,No,No,No,-,No,No,No,No,No,All,StudentRosterViewModel,High,Critical,-,-,Student management,"PowerSchool, Infinite Campus",L,"GET/POST/DELETE /api/v1/school/students, school-scoped",
School Admin,People,Student Profile (Admin),Full student profile,"Attendance, marks, leave, fees, parent contacts",School Admin,-,People → Student detail,✅ Complete,85,Yes,Yes,Yes,Yes,No,No,No,-,No,No,No,No,No,All,StudentProfileViewModel,High,High,-,-,Student profile,PowerSchool,M,GET /api/v1/school/students/{id},
School Admin,People,Teacher Management,Teacher list + profile,"View teachers, assignments, performance, profile detail",School Admin,-,Tab: people → Teachers,✅ Complete,85,Yes,Yes,Yes,Yes,No,No,No,-,No,No,No,No,No,All,"SchoolTeachersViewModel, TeacherProfileViewModel",High,High,-,-,Staff management,PowerSchool,M,"GET /api/v1/school/teachers, GET /api/v1/school/teachers/{id}",
School Admin,People,Teacher Provisioning,Create teacher app accounts,Create teacher user → app_users + faculty mirror + assignments,School Admin,-,Onboarding → Teacher provisioning,✅ Complete,80,Yes,Yes,Yes,Yes,No,No,No,-,No,No,No,No,No,All,TeacherProvisioningOBViewModel,High,High,-,-,Staff provisioning,PowerSchool,M,"POST /api/v1/school/teachers, DELETE, reset-password",
School Admin,People,Teacher Assignment Management,Assign teachers to class+subject,"Create/upsert/delete teacher-subject assignments, bulk assign",School Admin,-,People → Teacher assignments,✅ Complete,85,Yes,Yes,Yes,Yes,No,No,No,-,No,No,No,No,No,All,TeacherAssignmentViewModel,High,High,-,-,Teacher assignment,PowerSchool,M,"GET/POST/DELETE /api/v1/school/teacher-assignments, bulk, overview",
School Admin,People,Non-Teaching Staff,Non-teaching staff management,"List, add, edit non-teaching staff",School Admin,-,People → Staff,✅ Complete,75,Yes,Yes,Yes,Yes,No,No,No,-,No,No,No,No,No,All,StaffViewModel,Medium,Low,-,-,Staff management,PowerSchool,S,NonTeachingStaffTable,
School Admin,People,Staff Profile,Staff profile detail,"View staff details, assignments, coverage",School Admin,-,People → Staff detail,✅ Complete,75,Yes,Yes,Yes,Yes,No,No,No,-,No,No,No,No,No,All,-,Medium,Low,-,-,Staff profile,-,S,StaffProfileScreenV2,
School Admin,People,Link Requests,Parent link request approval,Approve/reject parent-child link requests,School Admin,-,People → Link Requests overlay,✅ Complete,85,Yes,Yes,Yes,Yes,No,No,No,-,No,No,No,No,No,All,LinkRequestsViewModel,High,High,-,-,Link approval,PowerSchool,S,GET/POST /api/v1/parent/link-requests/{id}/approve|reject,
School Admin,Records,Attendance Summary,School-wide attendance rollup,Daily attendance summary by class,School Admin,-,Tab: records → Attendance,✅ Complete,80,Yes,Yes,Yes,Yes,No,No,No,-,No,No,No,No,No,All,DailyAttendanceViewModel,Medium,Medium,-,-,Attendance reports,PowerSchool,S,GET /api/v1/school/attendance/summary,
School Admin,Records,Marks Summary,School-wide marks rollup,Marks summary by class/subject,School Admin,-,Tab: records → Marks,✅ Complete,80,Yes,Yes,Yes,Yes,No,No,No,-,No,No,No,No,No,All,-,Medium,Medium,-,-,Marks reports,PowerSchool,S,GET /api/v1/school/marks/summary,
School Admin,Records,Fee Ledger,School-wide fee ledger,"Fee collection summary, outstanding, overdue",School Admin,-,Tab: records → Fees,✅ Complete,80,Yes,Yes,Yes,Yes,No,No,No,-,No,No,No,No,No,All,-,Medium,High,-,-,Fee reports,PowerSchool,S,GET /api/v1/school/fees/ledger,
School Admin,Records,Documents,School documents / media storage,"Upload, manage, share documents",School Admin,-,Tab: records → Documents,🟠 Stub,10,Yes,No,No,No,No,No,No,VComingSoon — no media-storage backend for documents,No,No,No,No,No,All,-,Medium,Medium,Integrate Supabase Storage for document management,Document management is standard,"PowerSchool, Infinite Campus",M,SupabaseStorage exists for media but not wired for documents,,
School Admin,Records,Daily Attendance Screen,Daily attendance marking (admin),Mark attendance for a class on a specific date,School Admin,-,Records → Daily Attendance overlay,✅ Complete,75,Yes,Yes,Yes,Yes,No,No,No,-,No,No,No,No,No,All,DailyAttendanceViewModel,Medium,Medium,-,-,Daily attendance,PowerSchool,S,DailyAttendanceScreenV2,
School Admin,Comms,Announcements,School-wide announcements,"Create, list, filter, detail view announcements",School Admin,-,Tab: comms → Announcements,✅ Complete,85,Yes,Yes,Yes,Yes,No,No,No,-,No,No,No,No,No,All,SchoolAnnouncementsViewModel,High,High,-,-,Announcements,"ClassDojo, PowerSchool",S,"GET/POST /api/v1/announcements, category filter, WhatsApp sync",
School Admin,Comms,Messages (Admin),Two-way messaging,"Thread list, open conversation, read receipts",School Admin,-,Tab: comms → Messages overlay,✅ Complete,80,Yes,Yes,Yes,Yes,No,No,No,-,No,No,No,No,No,All,MessagesViewModel,High,High,-,-,Messaging,"ClassDojo, Remind",S,GET/POST /api/v1/school/messages,
School Admin,Comms,PTM Scheduling,Parent-teacher meeting scheduling,"Create PTM events, class progress, complete, metrics",School Admin,-,Tab: comms → PTM overlay,✅ Complete,80,Yes,Yes,Yes,Yes,No,No,No,-,No,No,No,No,No,All,SchedulePTMViewModel,Medium,Medium,-,-,PTM scheduling,"SchoolStatus, PowerSchool",S,"PtmEventsTable, PtmClassProgressTable, PATCH/PUT/POST endpoints",
School Admin,Comms,Notifications (Admin),Notification management,Send and manage notifications,School Admin,-,Tab: comms → Notifications,🟠 Stub,15,Yes,No,No,No,No,No,No,VComingSoon — no admin notification management UI,No,No,No,No,No,All,-,Medium,Medium,Build admin notification composer + targeting,Notification management,PowerSchool,M,Backend has POST /api/admin/notifications/send but no admin UI,,
School Admin,Comms,Leave Requests (Admin),Student leave request approval,Approve/reject student leave requests routed from parents/teachers,School Admin,-,Tab: comms → Leave Requests overlay,✅ Complete,80,Yes,Yes,Yes,Yes,No,No,No,-,No,No,No,No,No,All,LeaveRequestsViewModel,Medium,Medium,-,-,Leave management,PowerSchool,S,PATCH /api/v1/school/leave-requests/{id}/status,
School Admin,Settings,Institutional Profile,School profile view + edit,"School name, board, contact, principal, address, philosophy, media",School Admin,-,Tab: settings,✅ Complete,80,Yes,Yes,Yes,Yes,No,No,No,-,No,No,No,No,No,All,InstitutionalProfileViewModel,Medium,Medium,-,-,School profile,PowerSchool,S,"GET/PUT /api/v1/user/profile, philosophy, tour-videos, gallery, visibility",
School Admin,Settings,Edit School Profile,Edit school profile screen,"Edit school name, board, address, principal, contact",School Admin,-,Settings → Edit Profile overlay,✅ Complete,80,Yes,Yes,Yes,Yes,No,No,No,-,No,No,No,No,No,All,-,Medium,Medium,-,-,Profile editing,PowerSchool,S,EditSchoolProfileScreenV2,
School Admin,Settings,Academic Year Management,Create/activate/archive academic years,"Exactly one active year, view historical years",School Admin,-,Settings → Academic Year overlay,✅ Complete,80,Yes,Yes,Yes,Yes,No,No,No,-,No,No,No,No,No,All,AcademicYearViewModel,Medium,High,-,-,Academic year,"PowerSchool, Infinite Campus",S,GET/POST/PUT /api/v1/calendar/academic-years,
School Admin,Settings,Academic Calendar Platform,Calendar event management,"Create, edit, delete, duplicate calendar events",School Admin,-,Settings → Calendar Platform overlay,✅ Complete,80,Yes,Yes,Yes,Yes,No,No,No,-,No,No,No,No,No,All,CreateCalendarEventViewModel,Medium,Medium,-,-,Calendar management,PowerSchool,S,"GET/POST/PUT/DELETE /api/v1/calendar/events, duplicate",
School Admin,Settings,School Settings,Settings hub,"Profile, academic year, staff, theme, logout",School Admin,-,Tab: settings,✅ Complete,75,Yes,No,No,No,No,No,No,Some settings rows Coming soon,No,No,No,No,No,All,-,Medium,Medium,-,-,Settings,PowerSchool,S,SchoolSettingsScreenV2,
School Admin,Settings,Admissions CRM,Admission enquiry management,"List enquiries, update status, conversion funnel",School Admin,-,Settings → Admissions CRM overlay,✅ Complete,75,Yes,Yes,Yes,Yes,No,No,No,-,No,No,No,No,No,All,AdmissionCRMViewModel,Medium,Medium,-,-,Admissions CRM,PowerSchool,S,"GET /api/v1/admissions/enquiries/summary, PATCH /{id}/status",
School Admin,Settings,Results Publishing,Publish exam results,"Select exam, publish results to parents",School Admin,-,Settings → Results overlay,✅ Complete,75,Yes,Yes,Yes,Yes,No,No,No,-,No,No,No,No,No,All,ResultsViewModel,Medium,High,-,-,Results publishing,PowerSchool,S,"ResultsPublishScreenV2, GET /api/v1/school/results",
School Admin,Analytics,Analytics Dashboard,School analytics overview,"Overview, class performance, teacher performance, student analytics, syllabus coverage, student cohort",School Admin,-,Home → Analytics overlay,✅ Complete,80,Yes,Yes,Yes,Yes,No,No,No,-,No,No,No,No,No,All,"AnalyticsDashboardViewModel, StudentAnalyticsViewModel, ClassPerformanceViewModel, TeacherPerformanceViewModel, SyllabusCoverageViewModel",High,High,-,-,Analytics,"PowerSchool, Infinite Campus",L,"GET /api/v1/school/analytics/{overview,class-performance,teacher-performance,student/{id},syllabus-coverage,student-cohort}",
School Admin,Analytics,Class Performance,Class-level performance analytics,"Per-class attendance, marks, comparison",School Admin,-,Analytics → Class Performance,✅ Complete,80,Yes,Yes,Yes,Yes,No,No,No,-,No,No,No,No,No,All,ClassPerformanceViewModel,Medium,Medium,-,-,Class analytics,PowerSchool,S,ClassPerformanceScreenV2,
School Admin,Analytics,Teacher Performance,Teacher-level performance analytics,"Per-teacher metrics, assignment coverage, activity",School Admin,-,Analytics → Teacher Performance,✅ Complete,80,Yes,Yes,Yes,Yes,No,No,No,-,No,No,No,No,No,All,TeacherPerformanceViewModel,Medium,Medium,-,-,Teacher analytics,PowerSchool,S,TeacherPerformanceScreenV2,
School Admin,Analytics,Student Analytics,Individual student analytics,"Student-specific attendance, marks, trend analysis",School Admin,-,Analytics → Student,✅ Complete,80,Yes,Yes,Yes,Yes,No,No,No,-,No,No,No,No,No,All,StudentAnalyticsViewModel,Medium,High,-,-,Student analytics,"PowerSchool, Infinite Campus",S,,
School Admin,Analytics,Syllabus Coverage,School-wide syllabus coverage,Coverage percentage by class/subject,School Admin,-,Analytics → Syllabus Coverage,✅ Complete,80,Yes,Yes,Yes,Yes,No,No,No,-,No,No,No,No,No,All,SyllabusCoverageViewModel,Medium,Medium,-,-,Syllabus coverage,-,S,,
School Admin,Analytics,Student Cohort,Cohort-level analytics,Group students by criteria for comparative analysis,School Admin,-,Analytics → Student Cohort,✅ Complete,75,Yes,Yes,Yes,Yes,No,No,No,-,No,No,No,No,No,All,-,Medium,Medium,-,-,Cohort analysis,Infinite Campus,S,,
School Admin,Notifications,Push Notifications (Admin),FCM push notification reception,"Receive push for link requests, leave requests, messages",School Admin,-,Background/foreground FCM,✅ Complete,75,Yes,Yes,Yes,Yes,No,No,No,-,No,No,No,No,No,Android,Firebase Cloud Messaging,High,High,-,-,Push notifications,-,M,,
School Admin,Timetable,School Timetable,School-wide weekly timetable,All-class weekly schedule from teacher_periods,School Admin,-,Home → Timetable,✅ Complete,75,Yes,Yes,Yes,Yes,No,No,No,-,No,No,No,No,No,All,-,Medium,Medium,-,-,Timetable,PowerSchool,S,"GET /api/v1/school/timetable, TeacherPeriodsTable, PeriodExceptionsTable",
Common,Landing,Common Landing Screen V3,Dual-audience landing page,"Schools/Parents tabs, morphing headline, command center preview, ecosystem, AI insight, timeline, trust metrics, testimonial, CTA dock",Parent,"School Admin, Teacher",Unauth → Landing,✅ Complete,85,Yes,No,No,No,No,No,No,-,No,No,No,No,No,All,-,Medium,Medium,-,-,Landing page,ClassDojo,M,"CommonLandingScreenV3.kt — animated, dual-audience",
Common,Landing,Common Landing Screen V2,Previous landing screen,Legacy landing page,Parent,School Admin,Unauth → Landing (legacy),⚫ Dead Code,0,Yes,No,No,No,No,No,No,"Replaced by V3, file still exists but not navigated to",No,No,No,No,Yes,All,-,Low,Low,Remove dead file,-,-,-,CommonLandingScreenV2.kt still in codebase but NavGraphV2 uses V3,,
Common,Legal,Legal Info Screen,Privacy/Terms/Help Desk,Public legal info surface,Parent,"School Admin, Teacher",Unauth → Legal,✅ Complete,80,Yes,No,No,No,No,No,No,-,No,No,No,No,No,All,-,Low,Medium,-,-,Legal compliance,Standard,XS,LegalInfoScreenV2,
Common,Content,Landing Content (CMS),CMS-driven landing content,"GET /api/v1/content/landing → hero copy, featured schools, offerings",Parent,School Admin,Landing screen,✅ Complete,80,No,Yes,Yes,Yes,No,No,No,-,No,No,No,No,No,Server,"Ktor, Exposed, LandingContentTable",Medium,Medium,-,-,CMS,-,S,LandingViewModel + ContentApi,
Common,Content,Support Info,Support contact info,"GET /api/v1/content/support → support email, phone",Parent,School Admin,Legal screen,✅ Complete,75,No,Yes,Yes,Yes,No,No,No,-,No,No,No,No,No,Server,Ktor,Low,Medium,-,-,Support,-,XS,,
Common,Config,App Status,App config / status,"GET /api/v1/config/app-status → maintenance, feature flags",Parent,"School Admin, Teacher",App startup,✅ Complete,75,No,Yes,Yes,Yes,No,No,No,-,No,No,No,No,No,Server,"Ktor, AppConfigTable",Medium,Medium,-,-,Feature flags,PowerSchool,S,,
Common,Config,Version Check,App version check,"GET /api/v1/config/version → min version, latest version",Parent,"School Admin, Teacher",App startup,✅ Complete,75,No,Yes,Yes,Yes,No,No,No,-,No,No,No,No,No,Server,Ktor,Medium,Medium,-,-,Version management,Standard,S,,
Common,Media,Media Upload,Supabase Storage media upload,Upload binary → Supabase Storage → URL,School Admin,Teacher,"Profile editing, school media",✅ Complete,75,No,Yes,Yes,Yes,No,No,No,-,No,No,No,No,No,Server,"Supabase Storage, Ktor",Medium,Medium,-,-,Media management,-,M,"MediaRouting, SupabaseStorage.kt",
Common,Notifications,Device Token Registration,FCM/APNs token registration,POST /api/device-tokens → register/refresh token,Parent,"School Admin, Teacher",App startup,✅ Complete,80,Yes,Yes,Yes,Yes,No,No,No,-,No,No,No,No,No,All,"DeviceTokenRegistrar, NotificationApi",High,High,-,-,Push registration,Standard,S,"DeviceTokensTable, auto-deactivation on failed delivery",
Common,Notifications,Notification Service,Server-side push dispatch,Send FCM to registered devices,School Admin,-,Server-side,✅ Complete,75,No,Yes,Yes,Yes,No,No,No,-,No,No,No,No,No,Server,Firebase Admin SDK,High,High,-,-,Push dispatch,-,M,NotificationService + FirebaseAdminInitializer,
Common,OTP Gateway,OTP Gateway Device,Android device as OTP sender,Gateway app receives FCM → sends SMS via device SIM,School Admin,-,Server-side OTP infrastructure,✅ Complete,70,No,Yes,Yes,Yes,No,No,No,-,No,No,No,No,No,Server,"FCM, Android gateway",Medium,Medium,-,-,OTP gateway,-,M,"OtpGatewayDevicesTable, SmsRequestsTable, GatewayRouting, GatewayFcmDispatcher",
Common,Database,Local Cache (Room),School discovery local cache,Room database for school list caching,Parent,-,School discovery,✅ Complete,75,Yes,No,No,Yes,Yes,No,No,-,No,No,No,No,No,"Android, iOS",Room,Low,Low,-,-,Offline cache,-,S,"SchoolEntity, SchoolDao, RoomSchoolLocalDataSource — only schools cached",
Common,Database,Server Database,Exposed ORM database,30+ tables covering all domain entities,School Admin,"Teacher, Parent",Server-side,✅ Complete,90,No,Yes,Yes,Yes,No,No,No,-,No,No,No,No,No,Server,"Exposed, H2/PostgreSQL",High,Critical,-,-,Database,Standard,L,"Schema in Tables.kt, H2 for dev, PostgreSQL/Supabase for prod",
Common,Database,Demo Seed,Demo data seeding,"Seed school, admin, teachers, students, attendance, marks",School Admin,-,Server startup (dev),✅ Complete,85,No,Yes,Yes,Yes,No,No,No,-,No,No,No,No,No,Server,Exposed,Low,Low,-,-,Demo data,-,M,DemoSeed.kt + Seed.kt,
Common,DI,Koin DI,Dependency injection,"All modules, ViewModels, repositories wired via Koin",School Admin,"Teacher, Parent",App-wide,✅ Complete,90,No,No,No,No,No,No,No,-,No,No,No,No,No,All,Koin,High,Critical,-,-,DI,Standard,M,"Koin.kt with commonModule, viewModelModule, platformModule",
Common,Design System,V Design System,Complete Compose design system,"VTheme, VColors, VDimens, VType, VMotion, VAtoms, VButton, VCard, VInput, VAvatar, VBadge, VCharts, VDatePicker, VIcons, VLogo, VBrandLogo, VNavigation, VProgress, VPullRefresh, VShimmer, VStructure",School Admin,"Teacher, Parent",All screens,✅ Complete,90,Yes,No,No,No,No,No,No,-,No,No,No,No,No,All,Compose Multiplatform,Medium,Medium,-,-,Design system,-,L,Complete token-based design system with light/warm tones,
Stubs/Placeholders,Parent,AI Report Card,AI-generated report card,"Narrative strengths, focus areas, study tips, holistic assessment",Parent,-,Academics → Report tab,� ✅ Complete,80,Yes,Yes,Yes,Yes,No,No,No,"AI Report Card 2.0 agentic redesign implemented: drafts, holistic assessments, co-scholastic records, templates, focus effectiveness. AI gateway wired.",No,No,No,No,No,All,-,High,Medium,-,Integrate with marks + attendance + teacher notes,AI report card,"ClassDojo, emerging EdTech",L,"Backend + DB ready, AI gateway wired",,
Stubs/Placeholders,School Admin,Documents (Records),Document management,"Upload, manage, share school documents",School Admin,-,Records → Documents tab,🟠 Stub,10,Yes,No,No,No,No,No,No,VComingSoon — no media-storage backend for documents,No,No,No,No,No,All,-,Medium,Medium,Integrate Supabase Storage for documents,Document management,PowerSchool,M,,,
Stubs/Placeholders,School Admin,Notifications (Comms),Admin notification management,Compose + send targeted notifications,School Admin,-,Comms → Notifications tab,🟠 Stub,15,Yes,No,No,No,No,No,No,VComingSoon — backend exists (POST /admin/notifications/send) but no admin UI,No,No,No,No,No,All,-,Medium,Medium,Build admin notification composer UI,Notification management,PowerSchool,M,,,
Stubs/Placeholders,Discovery,SRI Score,School Reputation Index,Weighted scoring of school reputation,Parent,-,Discovery → school detail,🟡 Partially Implemented,40,Yes,No,No,No,No,No,No,"VComingSoon — UI chrome only, some fields Coming Soon",No,No,No,No,No,All,-,Low,Low,Build SRI scoring algorithm + backend,School rating,GreatSchools,M,SriPreview.kt,,
Stubs/Placeholders,Discovery,School Profile Fields,"Classes offered, teacher-student ratio",School profile details on discovery,Parent,-,Discovery → school detail,🟡 Partially Implemented,30,Yes,No,No,No,No,No,No,"Coming Soon text for classes offered, teacher-student ratio",No,No,No,No,No,All,-,Low,Low,Add fields to schools table + API,School profile completeness,GreatSchools,S,,,
Stubs/Placeholders,School Admin,School Settings Rows,Additional settings rows,Various settings options,School Admin,-,Settings tab,🟡 Partially Implemented,40,Yes,No,No,No,No,No,No,Some rows show Coming soon text,No,No,No,No,No,All,-,Low,Low,Implement remaining settings,Settings completeness,PowerSchool,S,,,
Stubs/Placeholders,Parent,Fee Payment Online,Online fee payment gateway,Pay fees via Razorpay/Stripe,Parent,-,Fees tab,🔴 TODO,0,No,No,No,No,No,No,No,"No backend, no payment gateway",No,No,No,No,No,-,-,High,Critical,Integrate Razorpay/Stripe + backend,Online fee payment,"PowerSchool, Infinite Campus",L,,,
Stubs/Placeholders,Common,Biometric (iOS),iOS biometric authentication,Face ID / Touch ID for app login,Parent,"Teacher, School Admin",App launch,🟠 Stub,10,Yes,No,No,No,No,No,No,"Platform abstraction exists, no iOS implementation",No,No,No,No,No,iOS,LAContext,Medium,Medium,Implement iOS LAContext biometric,Biometric auth,PowerSchool,M,"BiometricAuthenticator.kt has expect, .android.kt has impl, no .ios.kt",,
Stubs/Placeholders,Common,CommonLandingScreenV2,Legacy landing screen,Previous landing page version,Parent,School Admin,Not navigated to,⚫ Dead Code,0,Yes,No,No,No,No,No,No,"Replaced by V3, file exists but unused",No,No,No,No,Yes,All,-,Low,Low,Remove dead file,-,-,-,CommonLandingScreenV2.kt,,
Stubs/Placeholders,Tests,FakeAuthRepository,Test fake with TODO() stubs,All methods return TODO(),-,-,Test only,🟠 Stub,10,No,No,No,No,No,No,No,All methods throw TODO(),Yes,No,No,No,No,Test,-,Low,Low,Implement test fakes properly,-,-,-,MainViewModelTest.kt FakeAuthRepository,,
Missing/Recommended,Transport,Live Bus Tracking,Real-time GPS tracking of school buses,"GPS tracking, ETA, route deviation alerts",Parent,"School Admin, Teacher",-,🔴 Missing,0,No,No,No,No,No,No,No,-,No,No,No,No,No,-,-,High,High,Build GPS tracking module + map UI + backend,Safety and peace of mind for parents,"PowerSchool, Infinite Campus",L,Industry standard for K-12 transport,,
Missing/Recommended,Transport,Transport Management,Bus route & stop management,"Route assignment, stop management, driver allocation",School Admin,-,-,🔴 Missing,0,No,No,No,No,No,No,No,-,No,No,No,No,No,-,-,Medium,Medium,Build transport module,Operational efficiency,"PowerSchool, Infinite Campus",L,,,
Missing/Recommended,Library,Library Management,Library book management,"Catalog, issue/return, fines, reservations",School Admin,"Teacher, Parent",-,🔴 Missing,0,No,No,No,No,No,No,No,-,No,No,No,No,No,-,-,Medium,Low,Build library module,Complete ERP coverage,"PowerSchool, Infinite Campus",L,,,
Missing/Recommended,Health,Health Records,Student health & immunization records,"Immunization tracking, medical conditions, medications",School Admin,"Teacher, Parent",-,🔴 Missing,0,No,No,No,No,No,No,No,-,No,No,No,No,No,-,-,High,High,Build health records module + UI,"Student safety, compliance","PowerSchool, Infinite Campus",L,Mandatory in many jurisdictions,,
Missing/Recommended,Communication,Multi-language Support,Multi-language / translation,In-app translation for messages and announcements,Parent,"School Admin, Teacher",-,🔴 Missing,0,No,No,No,No,No,No,No,-,No,No,No,No,No,-,-,High,High,Integrate translation API (Google Translate / TalkingPoints),ESL family engagement,"TalkingPoints, ClassDojo (30+ languages)",L,Critical for diverse communities,,
Missing/Recommended,Communication,Voice/Video Calls,In-app voice/video calls,Parent-teacher voice/video calls,Parent,Teacher,-,🔴 Missing,0,No,No,No,No,No,No,No,-,No,No,No,No,No,-,-,Medium,Medium,Integrate WebRTC,Deeper communication,"ClassDojo, Remind",L,,,
Missing/Recommended,Communication,Broadcast Groups,Group/channel communication,"Class-wide, grade-wide broadcast channels",School Admin,"Teacher, Parent",-,🟡 Partially Implemented,30,Yes,Yes,Yes,Yes,No,No,No,"Teacher class broadcast exists, no admin broadcast groups",No,No,No,No,No,All,-,Medium,Medium,Add admin-managed broadcast groups,Mass communication,"ClassDojo, Remind",M,Teacher has POST /teacher/messages/class but no admin broadcast,,
Missing/Recommended,Academics,Report Cards (PDF),Formal report card generation,"Generate PDF report cards with grades, comments, attendance",School Admin,"Teacher, Parent",-,🔴 Missing,0,No,No,No,No,No,No,No,-,No,No,No,No,No,-,-,High,High,Build PDF report card generator,Formal academic reporting,"PowerSchool, Infinite Campus",L,,,
Missing/Recommended,Academics,Exam Timetable,Exam schedule management,"Create exam timetables, publish to parents/teachers",School Admin,"Teacher, Parent",-,🔴 Missing,0,No,No,No,No,No,No,No,-,No,No,No,No,No,-,-,Medium,High,Build exam timetable module,Exam planning,"PowerSchool, Infinite Campus",M,,,
Missing/Recommended,Academics,Grading System Configuration,Configurable grading scales,"Custom grade scales, GPA, weighted grades",School Admin,-,-,🔴 Missing,0,No,No,No,No,No,No,No,-,No,No,No,No,No,-,-,Medium,High,Build configurable grading system,Flexible grading,"PowerSchool, Infinite Campus",M,"Currently marks are raw numbers, no grade scale mapping",,
Missing/Recommended,Academics,Lesson Planning,Teacher lesson planning,"Create lesson plans, link to syllabus units",Teacher,-,-,🔴 Missing,0,No,No,No,No,No,No,No,-,No,No,No,No,No,-,-,Medium,Medium,Build lesson planning module,Teacher productivity,"Google Classroom, Canvas",M,,,
Missing/Recommended,Academics,Online Assignments,Online assignment submission & grading,"Students submit assignments online, teacher grades digitally",Teacher,Parent,-,🟡 Partially Implemented,40,Yes,Yes,Yes,Yes,No,No,No,Homework submissions exist but no online submission portal for students,No,No,No,No,No,All,-,High,Medium,Build student-facing assignment portal,Digital assignments,"Google Classroom, Canvas",L,HomeworkSubmissionsTable exists but student-facing portal missing,,
Missing/Recommended,Student Engagement,Behavior Tracking,Student behavior tracking,"Positive/negative behavior points, incidents",Teacher,"School Admin, Parent",-,🔴 Missing,0,No,No,No,No,No,No,No,-,No,No,No,No,No,-,-,Medium,Medium,Build behavior tracking module,Student engagement,"ClassDojo, PowerSchool",M,ClassDojo's core feature,,
Missing/Recommended,Student Engagement,Digital Portfolio,Student digital portfolio,"Showcase student work, photos, videos",Teacher,"Parent, Student",-,🔴 Missing,0,No,No,No,No,No,No,No,-,No,No,No,No,No,-,-,Medium,Medium,Build portfolio module,Student engagement,"ClassDojo, Seesaw",L,,,
Missing/Recommended,Student Engagement,Student App,Student-facing app,"Students view assignments, submit homework, check grades",Student,-,-,🔴 Missing,0,No,No,No,No,No,No,No,-,No,No,No,No,No,-,-,High,Medium,Build student portal,Student engagement,"Google Classroom, Canvas",L,No student role exists in the app,,
Missing/Recommended,Analytics,PEWS (Predictive Early Warning System),AI-powered at-risk student prediction,"Risk snapshots, interventions, case files, effectiveness priors, feature flags, config",School Admin,Teacher,-,🟡 ✅ Complete,75,Yes,Yes,Yes,Yes,No,No,No,"PEWS 2.0 agentic redesign implemented: PewsRiskSnapshotsTable, PewsInterventionsTable, PewsConfigTable, PewsFeatureFlagsTable, PewsCaseFilesTable, PewsEffectivenessPriorsTable. AI gateway integration for risk scoring.",No,No,No,No,No,All,-,High,High,-,Early intervention,Emerging EdTech trend,L,"PEWS 2.0 backend + DB ready, AI gateway wired",,
Missing/Recommended,Analytics,Custom Report Builder,Custom report generation,Admin creates custom reports with filters,School Admin,-,-,🔴 Missing,0,No,No,No,No,No,No,No,-,No,No,No,No,No,-,-,Medium,Medium,Build report builder,Reporting flexibility,"PowerSchool, Infinite Campus",L,,,
Missing/Recommended,Analytics,Export & State Reporting,State/compliance reporting,Generate state-mandated compliance reports,School Admin,-,-,🔴 Missing,0,No,No,No,No,No,No,No,-,No,No,No,No,No,-,-,High,High,Build compliance reporting module,Regulatory compliance,"PowerSchool, Infinite Campus",L,Mandatory for US/UK schools,,
Missing/Recommended,Finance,Fee Payment Gateway,Online fee payment,Razorpay/Stripe integration for fee payment,Parent,School Admin,-,🔴 Missing,0,No,No,No,No,No,No,No,-,No,No,No,No,No,-,-,High,Critical,Integrate payment gateway + backend,Revenue collection,"PowerSchool, Infinite Campus",L,,,
Missing/Recommended,Finance,Expense Management,School expense tracking,"Track expenses, vendor payments, budget",School Admin,-,-,🔴 Missing,0,No,No,No,No,No,No,No,-,No,No,No,No,No,-,-,Medium,Medium,Build expense module,Financial management,PowerSchool,L,,,
Missing/Recommended,Finance,Payroll Management,Staff payroll,"Teacher/staff salary management, payslips",School Admin,-,-,🔴 Missing,0,No,No,No,No,No,No,No,-,No,No,No,No,No,-,-,Medium,Medium,Build payroll module,HR management,"PowerSchool, Infinite Campus",L,,,
Missing/Recommended,Finance,Scholarship Applications,Scholarship application workflow,"Apply, review, approve scholarships",Parent,School Admin,-,🟡 Partially Implemented,40,Yes,Yes,Yes,Yes,No,No,No,"Scholarships viewable, no application workflow",No,No,No,No,No,All,-,Medium,Low,Build application + approval workflow,Financial aid,PowerSchool,M,"ScholarshipsTable + ScholarshipApplicationsTable exist, GET /scholarships only",,
Missing/Recommended,Admin,Inventory Management,School inventory tracking,"Assets, equipment, consumables management",School Admin,-,-,🔴 Missing,0,No,No,No,No,No,No,No,-,No,No,No,No,No,-,-,Low,Low,Build inventory module,Operational efficiency,PowerSchool,L,,,
Missing/Recommended,Admin,Visitor Management,Visitor check-in/check-out,"Visitor logging, gate pass, approval",School Admin,-,-,🔴 Missing,0,No,No,No,No,No,No,No,-,No,No,No,No,No,-,-,Low,Low,Build visitor module,Campus security,-,M,,,
Missing/Recommended,Admin,Alumni Management,Alumni network & tracking,"Alumni directory, events, donations",School Admin,-,-,🔴 Missing,0,No,No,No,No,No,No,No,-,No,No,No,No,No,-,-,Low,Low,Build alumni module,Engagement + fundraising,"PowerSchool, Blackbaud",L,,,
Missing/Recommended,Communication,Email Integration,Email notifications,"Send emails via SMTP for announcements, reports",School Admin,"Teacher, Parent",-,🟡 Partially Implemented,30,No,Yes,Yes,Yes,No,No,No,"SMTP exists for OTP only, not for general notifications",No,No,No,No,No,Server,-,Medium,Medium,Extend SMTP for general email notifications,Multi-channel communication,"PowerSchool, Remind",M,SmtpEmailProvider exists but only for OTP,,
Missing/Recommended,Communication,WhatsApp Integration,WhatsApp Business API messaging,"Send announcements, alerts via WhatsApp",School Admin,"Teacher, Parent",-,🟡 Partially Implemented,40,No,Yes,Yes,Yes,No,No,No,"WhatsApp provider exists for OTP, announcements sync-whatsapp endpoint exists",No,No,No,No,No,Server,-,Medium,Medium,Extend WhatsApp for general notifications,Popular channel in India,ClassDojo (30+ languages),M,WhatsAppCloudProvider exists but only for OTP delivery,,
Missing/Recommended,Platform,iOS Push Notifications,APNs push for iOS,iOS-specific push notification via APNs,Parent,"School Admin, Teacher",-,🔴 Missing,0,No,No,No,No,No,No,No,-,No,No,No,No,No,iOS,APNs,High,High,Implement APNs integration on server,iOS push delivery,Standard,M,"Server has FCM only, no APNs configuration",,
Missing/Recommended,Platform,Web App,Web application,Browser-based access to all portals,Parent,"School Admin, Teacher",-,🟡 Partially Implemented,40,Yes,No,No,No,No,No,No,KMP targets wasmJs/js but no web-specific UI,No,No,No,No,No,Web,-,High,Medium,Build web UI shell + responsive layouts,Accessibility,"PowerSchool, Infinite Campus",L,Gradle configures wasmJs/js targets but no web entry point,,
Missing/Recommended,Platform,Offline Mode,Full offline support,"Cache-then-network reads, offline write outbox, sync engine, storage caps, LRU eviction, dead-letter, backoff jitter, telemetry",Parent,"Teacher, School Admin",-,🟡 Needs Review (Priyanshu),90,Yes,Yes,Yes,Yes,Yes,No,No,"All 4 phases complete: Phase 0 (foundations), Phase 1 (cache-then-network reads: Announcements + Teacher Today), Phase 2 (SyncEngine + Attendance offline write), Phase 3 (7 teacher writes: leave decide/apply, homework assign/extend/review/close, broadcast), Phase 4 (hardening: storage caps, LRU eviction, dead-letter, jitter, telemetry). 8 offline write operations. AppDatabase v4.",No,No,No,No,No,All,Room,High,High,Review offline sync reliability + edge cases,Connectivity resilience,PowerSchool,L,"ALL PHASES COMPLETE ✅. Needs review from Priyanshu ji",,
Missing/Recommended,Platform,Dark Mode,Dark theme,System-aware dark color scheme,Parent,"School Admin, Teacher",-,🟡 Partially Implemented,30,Yes,No,No,No,No,No,No,"VTheme has tone system, no dark color palette defined",No,No,No,No,No,All,-,Medium,Medium,Define dark color tokens + theme switching,User preference,"ClassDojo, PowerSchool",M,VColors has no dark variant,,
Missing/Recommended,Platform,Tablet/Layout Adaptivity,Responsive tablet layouts,Optimized layouts for tablets/ipads,Parent,"School Admin, Teacher",-,🟡 Partially Implemented,20,Yes,No,No,No,No,No,No,"Some widthIn(max) constraints, no true responsive layouts",No,No,No,No,No,All,-,Medium,Medium,Build responsive layout system,Tablet support,"PowerSchool, Infinite Campus",M,,,
Missing/Recommended,Security,Two-Factor Authentication,2FA for admin accounts,TOTP/SMS second factor for admin login,School Admin,-,-,🔴 Missing,0,No,No,No,No,No,No,No,-,No,No,No,No,No,-,-,High,High,Implement 2FA module,Security,"PowerSchool, Infinite Campus",M,,,
Missing/Recommended,Security,Audit Log,Activity audit trail,"Log all admin actions, data access, changes",School Admin,-,-,🔴 Missing,0,No,No,No,No,No,No,No,-,No,No,No,No,No,-,-,Medium,High,Build audit logging module,Compliance + security,"PowerSchool, Infinite Campus",L,,,
Missing/Recommended,Security,Data Privacy Compliance,GDPR/FERPA compliance tools,"Data export, deletion, consent management",School Admin,-,-,🔴 Missing,0,No,No,No,No,No,No,No,-,No,No,No,No,No,-,-,High,Critical,Build privacy compliance module,Legal compliance,"PowerSchool, Infinite Campus",L,Mandatory for EU/US schools,,
Missing/Recommended,Communication,Calendar Sync,Sync with Google/Outlook calendar,Export school events to personal calendars,Parent,"Teacher, School Admin",-,🔴 Missing,0,No,No,No,No,No,No,No,-,No,No,No,No,No,-,-,Low,Medium,Implement iCal/CalDAV export,Convenience,PowerSchool,S,,,
Missing/Recommended,Academics,Curriculum Templates,Pre-built curriculum templates,Standard curriculum templates by board/grade,School Admin,Teacher,-,🔴 Missing,0,No,No,No,No,No,No,No,-,No,No,No,No,No,-,-,Medium,Medium,Build curriculum template library,Faster onboarding,"Canvas, Moodle",L,CurriculumUnitsTable exists but no template system,,
Missing/Recommended,Engagement,Parent Feedback Surveys,Survey/poll creation,Create surveys for parent feedback,School Admin,Teacher,-,🔴 Missing,0,No,No,No,No,No,No,No,-,No,No,No,No,No,-,-,Medium,Medium,Build survey module,Engagement,"ClassDojo, Bloomz",M,,,
Missing/Recommended,Engagement,Event Registration,Event RSVP/registration,"Parents register for school events, PTM slots",Parent,School Admin,-,🟡 Partially Implemented,30,Yes,Yes,Yes,Yes,No,No,No,"PTM scheduling exists, no parent-side slot booking",No,No,No,No,No,All,-,Medium,Medium,Build parent PTM slot booking,Event management,SchoolStatus,M,Admin can create PTM events but parent cant book slots,,
Missing/Recommended,Admin,Multi-School Management,Multi-campus / franchise management,Manage multiple schools under one admin,School Admin,-,-,🔴 Missing,0,No,No,No,No,No,No,No,-,No,No,No,No,No,-,-,Medium,Medium,Build multi-school architecture,Scalability,"PowerSchool, Blackbaud",L,Currently single-school per admin,,
Missing/Recommended,Communication,Read Receipts,Message read receipts,See if messages were read by recipient,Parent,"Teacher, School Admin",-,✅ Complete,80,Yes,Yes,Yes,Yes,No,No,No,-,No,No,No,No,No,All,-,Low,Low,-,-,Read receipts,"ClassDojo, Remind",-,POST /threads/{id}/read exists,
Missing/Recommended,Academics,AI Tutoring,AI-powered tutoring assistant,"Personalized learning recommendations, doubt resolution, mastery tracking, misconception detection, RAG knowledge base",Student,"Teacher, Parent",-,� ✅ Complete,75,Yes,Yes,Yes,Yes,No,No,No,"AI Tutor 2.0 agentic redesign implemented: TutorSessionsTable, TutorReviewStateTable, TutorMasteryTable, TutorMisconceptionsTable, TutorKnowledgeChunksTable. AI gateway integration for tutoring. RAG knowledge base.",No,No,No,No,No,All,-,High,Medium,-,Emerging trend,"Khan Academy (Khanmigo), emerging EdTech",L,"AI Tutor 2.0 backend + DB ready, AI gateway wired",,
Missing/Recommended,Admin,Bulk Import/Export,Bulk data import/export,"CSV import for students, teachers, marks",School Admin,-,-,🟡 Partially Implemented,30,No,Yes,Yes,Yes,No,No,No,"Onboarding wizard has bulk entry, no CSV import/export",No,No,No,No,No,All,-,Medium,High,Build CSV import/export module,Data migration efficiency,"PowerSchool, Infinite Campus",M,Onboarding has inline bulk entry but no file upload,,
Missing/Recommended,Communication,Scheduled Announcements,Schedule announcements for future,"Schedule announcements, admin broadcasts, teacher broadcasts with dispatch scheduler, cancel, force-dispatch, retry, idempotency",School Admin,Teacher,-,✅ Complete,95,Yes,Yes,Yes,Yes,No,No,No,"Message Scheduling feature N1-N16 complete: ScheduledMessagesTable, MessageDispatchScheduler (1-min poll), 6 REST endpoints, ScheduledMessagesScreenV2 with filter chips, VScheduleToggle, VTimePicker, website admin schedule toggle, 24 integration tests passing.",No,No,No,No,No,All,-,Low,Medium,-,-,Communication planning,"ClassDojo, Remind",S,"Run migration-104-scheduled-messages.sql in Supabase before testing",,
Missing/Recommended,Platform,App Store Optimization,App store listings,Optimized Play Store / App Store listings,Parent,"School Admin, Teacher",-,🟡 Partially Implemented,20,No,No,No,No,No,No,No,"App exists, no ASO optimization",No,No,No,No,No,"Android, iOS",-,Low,Medium,Optimize store listings + screenshots,Discovery,ClassDojo,S,,,
